vocabulary_version,attribute_index,attribute_id,attribute_name,support_mask,support_status,source,evidence_scope,reason
1.0.0,0,0,classic (t-shirt),0,unsupported_pending_training_data,Fashionpedia,validation_only,No Fashionpedia training split is available in the current handoff; validation evidence alone is insufficient to claim training support.
1.0.0,1,20,biker (jacket),0,unsupported_pending_training_data,Fashionpedia,validation_only,No Fashionpedia training split is available in the current handoff; validation evidence alone is insufficient to claim training support.
1.0.0,2,29,track (jacket),0,unsupported_pending_training_data,Fashionpedia,validation_only,No Fashionpedia training split is available in the current handoff; validation evidence alone is insufficient to claim training support.
1.0.0,3,36,jeans,0,unsupported_pending_training_data,Fashionpedia,validation_only,No Fashionpedia training split is available in the current handoff; validation evidence alone is insufficient to claim training support.
1.0.0,4,115,symmetrical,0,unsupported_pending_training_data,Fashionpedia,validation_only,No Fashionpedia training split is available in the current handoff; validation evidence alone is insufficient to claim training support.
1.0.0,5,128,straight,0,unsupported_pending_training_data,Fashionpedia,validation_only,No Fashionpedia training split is available in the current handoff; validation evidence alone is insufficient to claim training support.
1.0.0,6,136,regular (fit),0,unsupported_pending_training_data,Fashionpedia,validation_only,No Fashionpedia training split is available in the current handoff; validation evidence alone is insufficient to claim training support.
1.0.0,7,137,loose (fit),0,unsupported_pending_training_data,Fashionpedia,validation_only,No Fashionpedia training split is available in the current handoff; validation evidence alone is insufficient to claim training support.
1.0.0,8,143,low waist,0,unsupported_pending_training_data,Fashionpedia,validation_only,No Fashionpedia training split is available in the current handoff; validation evidence alone is insufficient to claim training support.
1.0.0,9,145,no waistline,0,unsupported_pending_training_data,Fashionpedia,validation_only,No Fashionpedia training split is available in the current handoff; validation evidence alone is insufficient to claim training support.
1.0.0,10,146,above-the-hip (length),0,unsupported_pending_training_data,Fashionpedia,validation_only,No Fashionpedia training split is available in the current handoff; validation evidence alone is insufficient to claim training support.
1.0.0,11,147,hip (length),0,unsupported_pending_training_data,Fashionpedia,validation_only,No Fashionpedia training split is available in the current handoff; validation evidence alone is insufficient to claim training support.
1.0.0,12,154,maxi (length),0,unsupported_pending_training_data,Fashionpedia,validation_only,No Fashionpedia training split is available in the current handoff; validation evidence alone is insufficient to claim training support.
1.0.0,13,157,short (length),0,unsupported_pending_training_data,Fashionpedia,validation_only,No Fashionpedia training split is available in the current handoff; validation evidence alone is insufficient to claim training support.
1.0.0,14,160,wrist-length,0,unsupported_pending_training_data,Fashionpedia,validation_only,No Fashionpedia training split is available in the current handoff; validation evidence alone is insufficient to claim training support.
1.0.0,15,162,regular (collar),0,unsupported_pending_training_data,Fashionpedia,validation_only,No Fashionpedia training split is available in the current handoff; validation evidence alone is insufficient to claim training support.
1.0.0,16,163,shirt (collar),0,unsupported_pending_training_data,Fashionpedia,validation_only,No Fashionpedia training split is available in the current handoff; validation evidence alone is insufficient to claim training support.
1.0.0,17,182,round (neck),0,unsupported_pending_training_data,Fashionpedia,validation_only,No Fashionpedia training split is available in the current handoff; validation evidence alone is insufficient to claim training support.
1.0.0,18,204,set-in sleeve,0,unsupported_pending_training_data,Fashionpedia,validation_only,No Fashionpedia training split is available in the current handoff; validation evidence alone is insufficient to claim training support.
1.0.0,19,205,dropped-shoulder sleeve,0,unsupported_pending_training_data,Fashionpedia,validation_only,No Fashionpedia training split is available in the current handoff; validation evidence alone is insufficient to claim training support.
1.0.0,20,206,raglan (sleeve),0,unsupported_pending_training_data,Fashionpedia,validation_only,No Fashionpedia training split is available in the current handoff; validation evidence alone is insufficient to claim training support.
1.0.0,21,218,patch (pocket),0,unsupported_pending_training_data,Fashionpedia,validation_only,No Fashionpedia training split is available in the current handoff; validation evidence alone is insufficient to claim training support.
1.0.0,22,219,welt (pocket),0,unsupported_pending_training_data,Fashionpedia,validation_only,No Fashionpedia training split is available in the current handoff; validation evidence alone is insufficient to claim training support.
1.0.0,23,220,kangaroo (pocket),0,unsupported_pending_training_data,Fashionpedia,validation_only,No Fashionpedia training split is available in the current handoff; validation evidence alone is insufficient to claim training support.
1.0.0,24,223,curved (pocket),0,unsupported_pending_training_data,Fashionpedia,validation_only,No Fashionpedia training split is available in the current handoff; validation evidence alone is insufficient to claim training support.
1.0.0,25,225,single breasted,0,unsupported_pending_training_data,Fashionpedia,validation_only,No Fashionpedia training split is available in the current handoff; validation evidence alone is insufficient to claim training support.
1.0.0,26,229,zip-up,0,unsupported_pending_training_data,Fashionpedia,validation_only,No Fashionpedia training split is available in the current handoff; validation evidence alone is insufficient to claim training support.
1.0.0,27,230,fly (opening),0,unsupported_pending_training_data,Fashionpedia,validation_only,No Fashionpedia training split is available in the current handoff; validation evidence alone is insufficient to claim training support.
1.0.0,28,234,no opening,0,unsupported_pending_training_data,Fashionpedia,validation_only,No Fashionpedia training split is available in the current handoff; validation evidence alone is insufficient to claim training support.
1.0.0,29,295,no non-textile material,0,unsupported_pending_training_data,Fashionpedia,validation_only,No Fashionpedia training split is available in the current handoff; validation evidence alone is insufficient to claim training support.
1.0.0,30,301,printed,0,unsupported_pending_training_data,Fashionpedia,validation_only,No Fashionpedia training split is available in the current handoff; validation evidence alone is insufficient to claim training support.
1.0.0,31,304,pleat,0,unsupported_pending_training_data,Fashionpedia,validation_only,No Fashionpedia training split is available in the current handoff; validation evidence alone is insufficient to claim training support.
1.0.0,32,316,no special manufacturing technique,0,unsupported_pending_training_data,Fashionpedia,validation_only,No Fashionpedia training split is available in the current handoff; validation evidence alone is insufficient to claim training support.
1.0.0,33,317,plain (pattern),0,unsupported_pending_training_data,Fashionpedia,validation_only,No Fashionpedia training split is available in the current handoff; validation evidence alone is insufficient to claim training support.
1.0.0,34,322,check,0,unsupported_pending_training_data,Fashionpedia,validation_only,No Fashionpedia training split is available in the current handoff; validation evidence alone is insufficient to claim training support.
