vocabulary_version,attribute_index,attribute_id,attribute_name,observed_positive_count,support_status,training_supported,source,source_rows,reason
1.0.0,0,0,classic (t-shirt),3,provisional_validation_only,False,Fashionpedia validation sample,46,"Observed in validation sample, but Fashionpedia training split is unavailable in the current handoff; therefore this label is not claimed as training-supported."
1.0.0,1,20,biker (jacket),1,provisional_validation_only,False,Fashionpedia validation sample,46,"Observed in validation sample, but Fashionpedia training split is unavailable in the current handoff; therefore this label is not claimed as training-supported."
1.0.0,2,29,track (jacket),1,provisional_validation_only,False,Fashionpedia validation sample,46,"Observed in validation sample, but Fashionpedia training split is unavailable in the current handoff; therefore this label is not claimed as training-supported."
1.0.0,3,36,jeans,1,provisional_validation_only,False,Fashionpedia validation sample,46,"Observed in validation sample, but Fashionpedia training split is unavailable in the current handoff; therefore this label is not claimed as training-supported."
1.0.0,4,115,symmetrical,8,provisional_validation_only,False,Fashionpedia validation sample,46,"Observed in validation sample, but Fashionpedia training split is unavailable in the current handoff; therefore this label is not claimed as training-supported."
1.0.0,5,128,straight,1,provisional_validation_only,False,Fashionpedia validation sample,46,"Observed in validation sample, but Fashionpedia training split is unavailable in the current handoff; therefore this label is not claimed as training-supported."
1.0.0,6,136,regular (fit),6,provisional_validation_only,False,Fashionpedia validation sample,46,"Observed in validation sample, but Fashionpedia training split is unavailable in the current handoff; therefore this label is not claimed as training-supported."
1.0.0,7,137,loose (fit),1,provisional_validation_only,False,Fashionpedia validation sample,46,"Observed in validation sample, but Fashionpedia training split is unavailable in the current handoff; therefore this label is not claimed as training-supported."
1.0.0,8,143,low waist,1,provisional_validation_only,False,Fashionpedia validation sample,46,"Observed in validation sample, but Fashionpedia training split is unavailable in the current handoff; therefore this label is not claimed as training-supported."
1.0.0,9,145,no waistline,5,provisional_validation_only,False,Fashionpedia validation sample,46,"Observed in validation sample, but Fashionpedia training split is unavailable in the current handoff; therefore this label is not claimed as training-supported."
1.0.0,10,146,above-the-hip (length),1,provisional_validation_only,False,Fashionpedia validation sample,46,"Observed in validation sample, but Fashionpedia training split is unavailable in the current handoff; therefore this label is not claimed as training-supported."
1.0.0,11,147,hip (length),1,provisional_validation_only,False,Fashionpedia validation sample,46,"Observed in validation sample, but Fashionpedia training split is unavailable in the current handoff; therefore this label is not claimed as training-supported."
1.0.0,12,154,maxi (length),1,provisional_validation_only,False,Fashionpedia validation sample,46,"Observed in validation sample, but Fashionpedia training split is unavailable in the current handoff; therefore this label is not claimed as training-supported."
1.0.0,13,157,short (length),4,provisional_validation_only,False,Fashionpedia validation sample,46,"Observed in validation sample, but Fashionpedia training split is unavailable in the current handoff; therefore this label is not claimed as training-supported."
1.0.0,14,160,wrist-length,4,provisional_validation_only,False,Fashionpedia validation sample,46,"Observed in validation sample, but Fashionpedia training split is unavailable in the current handoff; therefore this label is not claimed as training-supported."
1.0.0,15,162,regular (collar),1,provisional_validation_only,False,Fashionpedia validation sample,46,"Observed in validation sample, but Fashionpedia training split is unavailable in the current handoff; therefore this label is not claimed as training-supported."
1.0.0,16,163,shirt (collar),1,provisional_validation_only,False,Fashionpedia validation sample,46,"Observed in validation sample, but Fashionpedia training split is unavailable in the current handoff; therefore this label is not claimed as training-supported."
1.0.0,17,182,round (neck),3,provisional_validation_only,False,Fashionpedia validation sample,46,"Observed in validation sample, but Fashionpedia training split is unavailable in the current handoff; therefore this label is not claimed as training-supported."
1.0.0,18,204,set-in sleeve,2,provisional_validation_only,False,Fashionpedia validation sample,46,"Observed in validation sample, but Fashionpedia training split is unavailable in the current handoff; therefore this label is not claimed as training-supported."
1.0.0,19,205,dropped-shoulder sleeve,4,provisional_validation_only,False,Fashionpedia validation sample,46,"Observed in validation sample, but Fashionpedia training split is unavailable in the current handoff; therefore this label is not claimed as training-supported."
1.0.0,20,206,raglan (sleeve),2,provisional_validation_only,False,Fashionpedia validation sample,46,"Observed in validation sample, but Fashionpedia training split is unavailable in the current handoff; therefore this label is not claimed as training-supported."
1.0.0,21,218,patch (pocket),3,provisional_validation_only,False,Fashionpedia validation sample,46,"Observed in validation sample, but Fashionpedia training split is unavailable in the current handoff; therefore this label is not claimed as training-supported."
1.0.0,22,219,welt (pocket),3,provisional_validation_only,False,Fashionpedia validation sample,46,"Observed in validation sample, but Fashionpedia training split is unavailable in the current handoff; therefore this label is not claimed as training-supported."
1.0.0,23,220,kangaroo (pocket),2,provisional_validation_only,False,Fashionpedia validation sample,46,"Observed in validation sample, but Fashionpedia training split is unavailable in the current handoff; therefore this label is not claimed as training-supported."
1.0.0,24,223,curved (pocket),1,provisional_validation_only,False,Fashionpedia validation sample,46,"Observed in validation sample, but Fashionpedia training split is unavailable in the current handoff; therefore this label is not claimed as training-supported."
1.0.0,25,225,single breasted,1,provisional_validation_only,False,Fashionpedia validation sample,46,"Observed in validation sample, but Fashionpedia training split is unavailable in the current handoff; therefore this label is not claimed as training-supported."
1.0.0,26,229,zip-up,2,provisional_validation_only,False,Fashionpedia validation sample,46,"Observed in validation sample, but Fashionpedia training split is unavailable in the current handoff; therefore this label is not claimed as training-supported."
1.0.0,27,230,fly (opening),1,provisional_validation_only,False,Fashionpedia validation sample,46,"Observed in validation sample, but Fashionpedia training split is unavailable in the current handoff; therefore this label is not claimed as training-supported."
1.0.0,28,234,no opening,1,provisional_validation_only,False,Fashionpedia validation sample,46,"Observed in validation sample, but Fashionpedia training split is unavailable in the current handoff; therefore this label is not claimed as training-supported."
1.0.0,29,295,no non-textile material,6,provisional_validation_only,False,Fashionpedia validation sample,46,"Observed in validation sample, but Fashionpedia training split is unavailable in the current handoff; therefore this label is not claimed as training-supported."
1.0.0,30,301,printed,1,provisional_validation_only,False,Fashionpedia validation sample,46,"Observed in validation sample, but Fashionpedia training split is unavailable in the current handoff; therefore this label is not claimed as training-supported."
1.0.0,31,304,pleat,1,provisional_validation_only,False,Fashionpedia validation sample,46,"Observed in validation sample, but Fashionpedia training split is unavailable in the current handoff; therefore this label is not claimed as training-supported."
1.0.0,32,316,no special manufacturing technique,5,provisional_validation_only,False,Fashionpedia validation sample,46,"Observed in validation sample, but Fashionpedia training split is unavailable in the current handoff; therefore this label is not claimed as training-supported."
1.0.0,33,317,plain (pattern),7,provisional_validation_only,False,Fashionpedia validation sample,46,"Observed in validation sample, but Fashionpedia training split is unavailable in the current handoff; therefore this label is not claimed as training-supported."
1.0.0,34,322,check,1,provisional_validation_only,False,Fashionpedia validation sample,46,"Observed in validation sample, but Fashionpedia training split is unavailable in the current handoff; therefore this label is not claimed as training-supported."
