item_id,source_dataset,source_item_id,source_image_id,source_image_path,category_id,category_label,crop_method,output_path,source_bbox_xywh,processed_bbox_xywh,fallback_used,fallback_reason,annotation_availability,resize_scale,omar_join_key,source_target_split,leakage_group_id
fashionpedia_val_ann_008921,Fashionpedia,8921,13297,data/samples/fashionpedia/validation/original/e14733841b04c64e75789a91fbe549b3.jpg,32,pocket,skipped_not_a_garment,,"[377.0, 557.0, 90.0, 42.0]",,False,,present,,fashionpedia_val_image_013297,validation,13297
fashionpedia_val_ann_008922,Fashionpedia,8922,13297,data/samples/fashionpedia/validation/original/e14733841b04c64e75789a91fbe549b3.jpg,35,zipper,skipped_not_a_garment,,"[377.0, 571.0, 74.0, 19.0]",,False,,present,,fashionpedia_val_image_013297,validation,13297
fashionpedia_val_ann_008923,Fashionpedia,8923,13297,data/samples/fashionpedia/validation/original/e14733841b04c64e75789a91fbe549b3.jpg,32,pocket,skipped_not_a_garment,,"[456.0, 491.0, 46.0, 37.0]",,False,,present,,fashionpedia_val_image_013297,validation,13297
fashionpedia_val_ann_008924,Fashionpedia,8924,13297,data/samples/fashionpedia/validation/original/e14733841b04c64e75789a91fbe549b3.jpg,35,zipper,skipped_not_a_garment,,"[471.0, 505.0, 25.0, 14.0]",,False,,present,,fashionpedia_val_image_013297,validation,13297
fashionpedia_val_ann_008925,Fashionpedia,8925,13297,data/samples/fashionpedia/validation/original/e14733841b04c64e75789a91fbe549b3.jpg,35,zipper,skipped_not_a_garment,,"[353.0, 473.0, 13.0, 49.0]",,False,,present,,fashionpedia_val_image_013297,validation,13297
fashionpedia_val_ann_008926,Fashionpedia,8926,13297,data/samples/fashionpedia/validation/original/e14733841b04c64e75789a91fbe549b3.jpg,32,pocket,skipped_not_a_garment,,"[321.0, 545.0, 10.0, 35.0]",,False,,present,,fashionpedia_val_image_013297,validation,13297
fashionpedia_val_ann_008927,Fashionpedia,8927,13297,data/samples/fashionpedia/validation/original/e14733841b04c64e75789a91fbe549b3.jpg,35,zipper,skipped_not_a_garment,,"[321.0, 559.0, 3.0, 5.0]",,False,,present,,fashionpedia_val_image_013297,validation,13297
fashionpedia_val_ann_008928,Fashionpedia,8928,13297,data/samples/fashionpedia/validation/original/e14733841b04c64e75789a91fbe549b3.jpg,32,pocket,skipped_not_a_garment,,"[396.0, 437.0, 57.0, 44.0]",,False,,present,,fashionpedia_val_image_013297,validation,13297
fashionpedia_val_ann_008929,Fashionpedia,8929,13297,data/samples/fashionpedia/validation/original/e14733841b04c64e75789a91fbe549b3.jpg,23,shoe,bbox_crop,data/derived/garment_crops/fashionpedia/fashionpedia_val_ann_008929_crop.jpg,"[407.0, 817.0, 100.0, 162.0]","[407.0, 817.0, 100.0, 162.0]",False,,present,,fashionpedia_val_image_013297,validation,13297
fashionpedia_val_ann_008930,Fashionpedia,8930,13297,data/samples/fashionpedia/validation/original/e14733841b04c64e75789a91fbe549b3.jpg,23,shoe,bbox_crop,data/derived/garment_crops/fashionpedia/fashionpedia_val_ann_008930_crop.jpg,"[374.0, 921.0, 128.0, 56.0]","[374.0, 921.0, 128.0, 56.0]",False,,present,,fashionpedia_val_image_013297,validation,13297
fashionpedia_val_ann_008931,Fashionpedia,8931,13297,data/samples/fashionpedia/validation/original/e14733841b04c64e75789a91fbe549b3.jpg,6,pants,bbox_crop,data/derived/garment_crops/fashionpedia/fashionpedia_val_ann_008931_crop.jpg,"[306.0, 436.0, 201.0, 479.0]","[306.0, 436.0, 201.0, 479.0]",False,,present,,fashionpedia_val_image_013297,validation,13297
fashionpedia_val_ann_008932,Fashionpedia,8932,13297,data/samples/fashionpedia/validation/original/e14733841b04c64e75789a91fbe549b3.jpg,19,belt,bbox_crop,data/derived/garment_crops/fashionpedia/fashionpedia_val_ann_008932_crop.jpg,"[371.0, 421.0, 91.0, 37.0]","[371.0, 421.0, 91.0, 37.0]",False,,present,,fashionpedia_val_image_013297,validation,13297
fashionpedia_val_ann_002554,Fashionpedia,2554,18074,data/samples/fashionpedia/validation/original/b4f6d9c2696573ff0cfc05070d17b5b6.jpg,13,glasses,bbox_crop,data/derived/garment_crops/fashionpedia/fashionpedia_val_ann_002554_crop.jpg,"[373.0, 156.0, 99.0, 36.0]","[373.0, 156.0, 99.0, 36.0]",False,,present,,fashionpedia_val_image_018074,validation,18074
fashionpedia_val_ann_002555,Fashionpedia,2555,18074,data/samples/fashionpedia/validation/original/b4f6d9c2696573ff0cfc05070d17b5b6.jpg,1,"top, t-shirt, sweatshirt",bbox_crop,data/derived/garment_crops/fashionpedia/fashionpedia_val_ann_002555_crop.jpg,"[405.0, 285.0, 52.0, 42.0]","[405.0, 285.0, 52.0, 42.0]",False,,present,,fashionpedia_val_image_018074,validation,18074
fashionpedia_val_ann_002556,Fashionpedia,2556,18074,data/samples/fashionpedia/validation/original/b4f6d9c2696573ff0cfc05070d17b5b6.jpg,33,neckline,skipped_not_a_garment,,"[405.0, 285.0, 52.0, 26.0]",,False,,present,,fashionpedia_val_image_018074,validation,18074
fashionpedia_val_ann_002557,Fashionpedia,2557,18074,data/samples/fashionpedia/validation/original/b4f6d9c2696573ff0cfc05070d17b5b6.jpg,0,"shirt, blouse",bbox_crop,data/derived/garment_crops/fashionpedia/fashionpedia_val_ann_002557_crop.jpg,"[368.0, 240.0, 160.0, 439.0]","[368.0, 240.0, 160.0, 439.0]",False,,present,,fashionpedia_val_image_018074,validation,18074
fashionpedia_val_ann_002558,Fashionpedia,2558,18074,data/samples/fashionpedia/validation/original/b4f6d9c2696573ff0cfc05070d17b5b6.jpg,32,pocket,skipped_not_a_garment,,"[478.0, 362.0, 24.0, 68.0]",,False,,present,,fashionpedia_val_image_018074,validation,18074
fashionpedia_val_ann_002559,Fashionpedia,2559,18074,data/samples/fashionpedia/validation/original/b4f6d9c2696573ff0cfc05070d17b5b6.jpg,28,collar,skipped_not_a_garment,,"[368.0, 240.0, 118.0, 89.0]",,False,,present,,fashionpedia_val_image_018074,validation,18074
fashionpedia_val_ann_002560,Fashionpedia,2560,18074,data/samples/fashionpedia/validation/original/b4f6d9c2696573ff0cfc05070d17b5b6.jpg,35,zipper,skipped_not_a_garment,,"[493.0, 304.0, 39.0, 373.0]",,False,,present,,fashionpedia_val_image_018074,validation,18074
fashionpedia_val_ann_002561,Fashionpedia,2561,18074,data/samples/fashionpedia/validation/original/b4f6d9c2696573ff0cfc05070d17b5b6.jpg,32,pocket,skipped_not_a_garment,,"[514.0, 506.0, 48.0, 125.0]",,False,,present,,fashionpedia_val_image_018074,validation,18074
fashionpedia_val_ann_002562,Fashionpedia,2562,18074,data/samples/fashionpedia/validation/original/b4f6d9c2696573ff0cfc05070d17b5b6.jpg,31,sleeve,skipped_not_a_garment,,"[544.0, 310.0, 159.0, 171.0]",,False,,present,,fashionpedia_val_image_018074,validation,18074
fashionpedia_val_ann_002563,Fashionpedia,2563,18074,data/samples/fashionpedia/validation/original/b4f6d9c2696573ff0cfc05070d17b5b6.jpg,32,pocket,skipped_not_a_garment,,"[274.0, 553.0, 109.0, 126.0]",,False,,present,,fashionpedia_val_image_018074,validation,18074
fashionpedia_val_ann_002564,Fashionpedia,2564,18074,data/samples/fashionpedia/validation/original/b4f6d9c2696573ff0cfc05070d17b5b6.jpg,27,hood,skipped_not_a_garment,,"[329.0, 253.0, 198.0, 232.0]",,False,,present,,fashionpedia_val_image_018074,validation,18074
fashionpedia_val_ann_002565,Fashionpedia,2565,18074,data/samples/fashionpedia/validation/original/b4f6d9c2696573ff0cfc05070d17b5b6.jpg,4,jacket,bbox_crop,data/derived/garment_crops/fashionpedia/fashionpedia_val_ann_002565_crop.jpg,"[231.0, 253.0, 472.0, 426.0]","[231.0, 253.0, 472.0, 426.0]",False,,present,,fashionpedia_val_image_018074,validation,18074
fashionpedia_val_ann_002566,Fashionpedia,2566,18074,data/samples/fashionpedia/validation/original/b4f6d9c2696573ff0cfc05070d17b5b6.jpg,31,sleeve,skipped_not_a_garment,,"[231.0, 308.0, 85.0, 371.0]",,False,,present,,fashionpedia_val_image_018074,validation,18074
fashionpedia_val_ann_002567,Fashionpedia,2567,18074,data/samples/fashionpedia/validation/original/b4f6d9c2696573ff0cfc05070d17b5b6.jpg,35,zipper,skipped_not_a_garment,,"[375.0, 325.0, 8.0, 354.0]",,False,,present,,fashionpedia_val_image_018074,validation,18074
fashionpedia_val_ann_006415,Fashionpedia,6415,10330,data/samples/fashionpedia/validation/original/8075d3afc3d574f8cfd7c5400417d9fc.jpg,1,"top, t-shirt, sweatshirt",bbox_crop,data/derived/garment_crops/fashionpedia/fashionpedia_val_ann_006415_crop.jpg,"[307.0, 293.0, 434.0, 388.0]","[307.0, 293.0, 434.0, 388.0]",False,,present,,fashionpedia_val_image_010330,validation,10330
fashionpedia_val_ann_006416,Fashionpedia,6416,10330,data/samples/fashionpedia/validation/original/8075d3afc3d574f8cfd7c5400417d9fc.jpg,31,sleeve,skipped_not_a_garment,,"[307.0, 307.0, 90.0, 137.0]",,False,,present,,fashionpedia_val_image_010330,validation,10330
fashionpedia_val_ann_006417,Fashionpedia,6417,10330,data/samples/fashionpedia/validation/original/8075d3afc3d574f8cfd7c5400417d9fc.jpg,31,sleeve,skipped_not_a_garment,,"[635.0, 293.0, 106.0, 149.0]",,False,,present,,fashionpedia_val_image_010330,validation,10330
fashionpedia_val_ann_006418,Fashionpedia,6418,10330,data/samples/fashionpedia/validation/original/8075d3afc3d574f8cfd7c5400417d9fc.jpg,33,neckline,skipped_not_a_garment,,"[475.0, 336.0, 96.0, 14.0]",,False,,present,,fashionpedia_val_image_010330,validation,10330
fashionpedia_val_ann_005698,Fashionpedia,5698,9468,data/samples/fashionpedia/validation/original/32e566cd7c0388f44f1a09e10e2ac96c.jpg,5,vest,bbox_crop,data/derived/garment_crops/fashionpedia/fashionpedia_val_ann_005698_crop.jpg,"[474.0, 412.0, 200.0, 269.0]","[474.0, 412.0, 200.0, 269.0]",False,,present,,fashionpedia_val_image_009468,validation,9468
fashionpedia_val_ann_005699,Fashionpedia,5699,9468,data/samples/fashionpedia/validation/original/32e566cd7c0388f44f1a09e10e2ac96c.jpg,4,jacket,bbox_crop,data/derived/garment_crops/fashionpedia/fashionpedia_val_ann_005699_crop.jpg,"[105.0, 157.0, 844.0, 524.0]","[105.0, 157.0, 844.0, 524.0]",False,,present,,fashionpedia_val_image_009468,validation,9468
fashionpedia_val_ann_005700,Fashionpedia,5700,9468,data/samples/fashionpedia/validation/original/32e566cd7c0388f44f1a09e10e2ac96c.jpg,18,watch,bbox_crop,data/derived/garment_crops/fashionpedia/fashionpedia_val_ann_005700_crop.jpg,"[675.0, 176.0, 21.0, 65.0]","[675.0, 176.0, 21.0, 65.0]",False,,present,,fashionpedia_val_image_009468,validation,9468
fashionpedia_val_ann_005701,Fashionpedia,5701,9468,data/samples/fashionpedia/validation/original/32e566cd7c0388f44f1a09e10e2ac96c.jpg,35,zipper,skipped_not_a_garment,,"[672.0, 374.0, 58.0, 126.0]",,False,,present,,fashionpedia_val_image_009468,validation,9468
fashionpedia_val_ann_005702,Fashionpedia,5702,9468,data/samples/fashionpedia/validation/original/32e566cd7c0388f44f1a09e10e2ac96c.jpg,32,pocket,skipped_not_a_garment,,"[747.0, 556.0, 61.0, 125.0]",,False,,present,,fashionpedia_val_image_009468,validation,9468
fashionpedia_val_ann_005703,Fashionpedia,5703,9468,data/samples/fashionpedia/validation/original/32e566cd7c0388f44f1a09e10e2ac96c.jpg,42,rivet,skipped_not_a_garment,,"[355.0, 622.0, 8.0, 13.0]",,False,,present,,fashionpedia_val_image_009468,validation,9468
fashionpedia_val_ann_005704,Fashionpedia,5704,9468,data/samples/fashionpedia/validation/original/32e566cd7c0388f44f1a09e10e2ac96c.jpg,32,pocket,skipped_not_a_garment,,"[322.0, 588.0, 92.0, 93.0]",,False,,present,,fashionpedia_val_image_009468,validation,9468
fashionpedia_val_ann_005705,Fashionpedia,5705,9468,data/samples/fashionpedia/validation/original/32e566cd7c0388f44f1a09e10e2ac96c.jpg,35,zipper,skipped_not_a_garment,,"[412.0, 374.0, 26.0, 121.0]",,False,,present,,fashionpedia_val_image_009468,validation,9468
fashionpedia_val_ann_005706,Fashionpedia,5706,9468,data/samples/fashionpedia/validation/original/32e566cd7c0388f44f1a09e10e2ac96c.jpg,35,zipper,skipped_not_a_garment,,"[455.0, 282.0, 25.0, 399.0]",,False,,present,,fashionpedia_val_image_009468,validation,9468
fashionpedia_val_ann_005707,Fashionpedia,5707,9468,data/samples/fashionpedia/validation/original/32e566cd7c0388f44f1a09e10e2ac96c.jpg,28,collar,skipped_not_a_garment,,"[429.0, 181.0, 210.0, 134.0]",,False,,present,,fashionpedia_val_image_009468,validation,9468
fashionpedia_val_ann_005708,Fashionpedia,5708,9468,data/samples/fashionpedia/validation/original/32e566cd7c0388f44f1a09e10e2ac96c.jpg,31,sleeve,skipped_not_a_garment,,"[686.0, 157.0, 263.0, 242.0]",,False,,present,,fashionpedia_val_image_009468,validation,9468
fashionpedia_val_ann_005709,Fashionpedia,5709,9468,data/samples/fashionpedia/validation/original/32e566cd7c0388f44f1a09e10e2ac96c.jpg,31,sleeve,skipped_not_a_garment,,"[105.0, 173.0, 275.0, 261.0]",,False,,present,,fashionpedia_val_image_009468,validation,9468
fashionpedia_val_ann_002368,Fashionpedia,2368,17856,data/samples/fashionpedia/validation/original/0229bef01efc25f915374d55f59cbfdd.jpg,33,neckline,skipped_not_a_garment,,"[641.0, 418.0, 158.0, 57.0]",,False,,present,,fashionpedia_val_image_017856,validation,17856
fashionpedia_val_ann_002369,Fashionpedia,2369,17856,data/samples/fashionpedia/validation/original/0229bef01efc25f915374d55f59cbfdd.jpg,31,sleeve,skipped_not_a_garment,,"[831.0, 505.0, 90.0, 196.0]",,False,,present,,fashionpedia_val_image_017856,validation,17856
fashionpedia_val_ann_002370,Fashionpedia,2370,17856,data/samples/fashionpedia/validation/original/0229bef01efc25f915374d55f59cbfdd.jpg,31,sleeve,skipped_not_a_garment,,"[465.0, 393.0, 122.0, 150.0]",,False,,present,,fashionpedia_val_image_017856,validation,17856
fashionpedia_val_ann_002371,Fashionpedia,2371,17856,data/samples/fashionpedia/validation/original/0229bef01efc25f915374d55f59cbfdd.jpg,1,"top, t-shirt, sweatshirt",bbox_crop,data/derived/garment_crops/fashionpedia/fashionpedia_val_ann_002371_crop.jpg,"[465.0, 393.0, 456.0, 374.0]","[465.0, 393.0, 456.0, 374.0]",False,,present,,fashionpedia_val_image_017856,validation,17856
114380093,polyvore_outfits,114380093,114380093,data/samples/polyvore_outfits/00_114380093.jpg,bags,bags,full_image_source_precropped,data/derived/garment_crops/polyvore_outfits/114380093_fullimage.jpg,,,False,source item photo is already single-garment; no bbox/mask ships with the handoff,unavailable_in_source,,polyvore_outfits_disjoint_validation_114380093,validation,223369815:1
156386331,polyvore_outfits,156386331,156386331,data/samples/polyvore_outfits/01_156386331.jpg,shoes,shoes,full_image_source_precropped,data/derived/garment_crops/polyvore_outfits/156386331_fullimage.jpg,,,False,source item photo is already single-garment; no bbox/mask ships with the handoff,unavailable_in_source,,polyvore_outfits_disjoint_validation_156386331,validation,219832237:2
138007061,polyvore_outfits,138007061,138007061,data/samples/polyvore_outfits/02_138007061.jpg,shoes,shoes,full_image_source_precropped,data/derived/garment_crops/polyvore_outfits/138007061_fullimage.jpg,,,False,source item photo is already single-garment; no bbox/mask ships with the handoff,unavailable_in_source,,polyvore_outfits_disjoint_validation_138007061,validation,212053035:2
50479717,polyvore_outfits,50479717,50479717,data/samples/polyvore_outfits/03_50479717.jpg,bottoms,bottoms,full_image_source_precropped,data/derived/garment_crops/polyvore_outfits/50479717_fullimage.jpg,,,False,source item photo is already single-garment; no bbox/mask ships with the handoff,unavailable_in_source,,polyvore_outfits_disjoint_validation_50479717,validation,152130081:4
213366441,polyvore_outfits,213366441,213366441,data/samples/polyvore_outfits/04_213366441.jpg,bags,bags,full_image_source_precropped,data/derived/garment_crops/polyvore_outfits/213366441_fullimage.jpg,,,False,source item photo is already single-garment; no bbox/mask ships with the handoff,unavailable_in_source,,polyvore_outfits_disjoint_validation_213366441,validation,224931182:1;225010218:1
fashion_mnist_train_000000,fashion_mnist,fashion_mnist_train_000000,fashion_mnist_train_000000,data/samples/fashion_mnist/fashion_mnist_train_000000_Ankle_boot.png,Ankle boot,Ankle boot,full_image_no_geometry,data/derived/garment_crops/fashion_mnist/fashion_mnist_train_000000_fullimage.jpg,,,True,"no bbox/mask in source; using 280x280 preview file, native 28x28 not present in handoff",unavailable_in_source,0.1,fashion_mnist_train_000000,train,
fashion_mnist_train_000001,fashion_mnist,fashion_mnist_train_000001,fashion_mnist_train_000001,data/samples/fashion_mnist/fashion_mnist_train_000001_T-shirt_top.png,T-shirt top,T-shirt top,full_image_no_geometry,data/derived/garment_crops/fashion_mnist/fashion_mnist_train_000001_fullimage.jpg,,,True,"no bbox/mask in source; using 280x280 preview file, native 28x28 not present in handoff",unavailable_in_source,0.1,fashion_mnist_train_000001,train,
fashion_mnist_train_000002,fashion_mnist,fashion_mnist_train_000002,fashion_mnist_train_000002,data/samples/fashion_mnist/fashion_mnist_train_000002_T-shirt_top.png,T-shirt top,T-shirt top,full_image_no_geometry,data/derived/garment_crops/fashion_mnist/fashion_mnist_train_000002_fullimage.jpg,,,True,"no bbox/mask in source; using 280x280 preview file, native 28x28 not present in handoff",unavailable_in_source,0.1,fashion_mnist_train_000002,train,
fashion_mnist_train_000003,fashion_mnist,fashion_mnist_train_000003,fashion_mnist_train_000003,data/samples/fashion_mnist/fashion_mnist_train_000003_Dress.png,Dress,Dress,full_image_no_geometry,data/derived/garment_crops/fashion_mnist/fashion_mnist_train_000003_fullimage.jpg,,,True,"no bbox/mask in source; using 280x280 preview file, native 28x28 not present in handoff",unavailable_in_source,0.1,fashion_mnist_train_000003,train,
fashion_mnist_train_000004,fashion_mnist,fashion_mnist_train_000004,fashion_mnist_train_000004,data/samples/fashion_mnist/fashion_mnist_train_000004_T-shirt_top.png,T-shirt top,T-shirt top,full_image_no_geometry,data/derived/garment_crops/fashion_mnist/fashion_mnist_train_000004_fullimage.jpg,,,True,"no bbox/mask in source; using 280x280 preview file, native 28x28 not present in handoff",unavailable_in_source,0.1,fashion_mnist_train_000004,train,
